<annotation>
	<folder>Anh_Xe_May_1</folder>
	<filename>A136.jpg</filename>
	<path>C:\Users\sv\Downloads\Data\Anh_Chua_Gan_Nhan\Anh_Xe_May_1\A136.jpg</path>
	<source>
		<database>Unknown</database>
	</source>
	<size>
		<width>362</width>
		<height>272</height>
		<depth>3</depth>
	</size>
	<segmented>0</segmented>
	<object>
		<name>num_plate</name>
		<pose>Unspecified</pose>
		<truncated>0</truncated>
		<difficult>0</difficult>
		<bndbox>
			<xmin>173</xmin>
			<ymin>53</ymin>
			<xmax>256</xmax>
			<ymax>126</ymax>
		</bndbox>
	</object>
</annotation>
