<annotation>
	<folder>Anh_Car_2</folder>
	<filename>A1081.jpg</filename>
	<path>E:\Project1-main\Project1-main\Data\Anh_Chua_Gan_Nhan\Anh_Car_2\A1081.jpg</path>
	<source>
		<database>Unknown</database>
	</source>
	<size>
		<width>400</width>
		<height>300</height>
		<depth>3</depth>
	</size>
	<segmented>0</segmented>
	<object>
		<name>car</name>
		<pose>Unspecified</pose>
		<truncated>0</truncated>
		<difficult>0</difficult>
		<bndbox>
			<xmin>154</xmin>
			<ymin>114</ymin>
			<xmax>286</xmax>
			<ymax>185</ymax>
		</bndbox>
	</object>
</annotation>
