<annotation>
	<folder>Anh_Car_2</folder>
	<filename>A777.jpg</filename>
	<path>E:\Project1-main\Project1-main\Data\Anh_Chua_Gan_Nhan\Anh_Car_2\A777.jpg</path>
	<source>
		<database>Unknown</database>
	</source>
	<size>
		<width>362</width>
		<height>272</height>
		<depth>3</depth>
	</size>
	<segmented>0</segmented>
	<object>
		<name>car</name>
		<pose>Unspecified</pose>
		<truncated>0</truncated>
		<difficult>0</difficult>
		<bndbox>
			<xmin>110</xmin>
			<ymin>43</ymin>
			<xmax>205</xmax>
			<ymax>72</ymax>
		</bndbox>
	</object>
</annotation>
